{
  "gallery": [
    {
      "date": "",
      "artId": "SK-C-214",
      "imgURL": "https://lh3.googleusercontent.com/_gkvrwgCC-JpNkZRpv0IM0giM23DnBm8a5kS_dc_nhE1gZmxGM_wJIGnwFr8tVFURhao5SuWUxOkwniEcvWottBGuN4=s0"
    },
    {
        "date": "",
        "artId": "SK-A-138",
        "imgURL": "https://lh3.googleusercontent.com/RXnCCOk53g6rXEPxVOWPjgTEqKzU0AUaLtXPT7-6ArjUeYueBsIvVZPnsqx0pEdHni8er7oagIHk2jlB4-U3a_kP5rg=s0"
    },
    {
        "date": "",
        "artId": "SK-A-2565",
        "imgURL": "https://lh3.googleusercontent.com/Jq-ZhL8kU6AFoC5F804qAYSG6kmrBKMZRwtYj92wh3KfS_100G1hKXTfLy-Zm5yq2kbCNv6TZRtyVVRGjgidsvtdaO-T=s0"
    }
  ]
}
