{
    "journalEntry": [{
        "id": 1,
        "bookTitle": "Little Women",
        "date": "9/1/2025",
        "pagesFrom": "25",
        "pagesTo": "55",
        "message": "test1"
    },
    {
        "id": 2,
        "bookTitle": "Little Women",
        "date": "9/2/2025",
        "pagesFrom": "55",
        "pagesTo": "125",
        "message": "test2"
    },
    {
        "id": 3,
        "bookTitle": "Little Women",
        "date": "9/3/2025",
        "pagesFrom": "125",
        "pagesTo": "160",
        "message": "test3"
    },
    {
        "id": 4,
        "bookTitle": "Emma",
        "date": "9/4/2025",
        "pagesFrom": "1",
        "pagesTo": "25",
        "message": "test4"
    },
    {
        "id": 5,
        "bookTitle": "Little Women",
        "date": "9/4/2025",
        "pagesFrom": "160",
        "pagesTo": "175",
        "message": "test2"
    }
    ]
}
